# id	status	tags	title	updated	path
0001	active	project standard	Project north star: Chromium pixel parity under strict accountability	2026-07-08	entries/0001-project-north-star-chromium-pixel-parity-under-s.md
0002	superseded	state accountability	Authoritative WPT state (2026-06-30): 2671 pass / 735 fail / 0 err, audit 7/7	2026-08-19	entries/0002-authoritative-wpt-state-2026-06-30-2671-pass-735.md
0003	active	direction text sp14	Direction: layout PAUSED, pivot to text (SP14+)	2026-07-08	entries/0003-direction-layout-paused-pivot-to-text-sp14.md
0004	active	text finding port_wpt	Text pivot is porting+parity, NOT a from-scratch engine	2026-07-08	entries/0004-text-pivot-is-porting-parity-not-a-from-scratch.md
0005	active	sp14 text plan	SP14 goal + scope: single-line LTR Ahem text to 0.0% parity	2026-07-08	entries/0005-sp14-goal-scope-single-line-ltr-ahem-text-to-0-0.md
0006	active	sp14 text progress next-steps	SP14 progress + next steps (glyph parity sprint)	2026-07-08	entries/0006-sp14-progress-next-steps-glyph-parity-sprint.md
0007	active	text font gotcha sp14 reconciled	Font strategy: use DejaVu Sans fallback, do NOT install Ahem	2026-07-08	entries/0007-font-strategy-use-dejavu-sans-fallback-do-not-in.md
0008	active	gotcha accountability pipeline	GOTCHA: filtered pixel runs OVERWRITE summary.json	2026-07-08	entries/0008-gotcha-filtered-pixel-runs-overwrite-summary-jso.md
0009	active	commands pipeline accountability	Canonical pipeline commands (build/compare/regen/audit)	2026-07-08	entries/0009-canonical-pipeline-commands-build-compare-regen.md
0010	active	accountability artifacts	Authoritative artifacts + failure classification	2026-07-08	entries/0010-authoritative-artifacts-failure-classification.md
0011	active	hotspot layout sp13 block-rs	Code hotspot: block.rs multicol/flex/OOF/clone fragmentation	2026-07-08	entries/0011-code-hotspot-block-rs-multicol-flex-oof-clone-fr.md
0012	active	hotspot text port_wpt sp14	Code hotspot: port_wpt.py text emission + generated WPT registry	2026-07-08	entries/0012-code-hotspot-port-wpt-py-text-emission-generated.md
0013	active	sp13 residuals paused	SP13 residuals (paused): ~48 hard fragmentation/multicol tails	2026-07-08	entries/0013-sp13-residuals-paused-48-hard-fragmentation-mult.md
0014	active	gotcha speckit process	GOTCHA: do not trust speckit.implement claims; verify manually	2026-07-08	entries/0014-gotcha-do-not-trust-speckit-implement-claims-ver.md
0015	active	process standard	MANDATORY process: independent verifier before task_complete; no escape buckets	2026-07-08	entries/0015-mandatory-process-independent-verifier-before-ta.md
0016	active	meta provenance recovery	Memory provenance: seeded from recovered session 4ab79aa9 'Read Repo Documentation'	2026-07-08	entries/0016-memory-provenance-seeded-from-recovered-session.md
0017	superseded	sp14 text wip uncommitted	Uncommitted SP14 glyph-parity WIP in tree (continuation point)	2026-07-08	entries/0017-uncommitted-sp14-glyph-parity-wip-in-tree-contin.md
0018	superseded	sp14 text font finding blocker	ROOT CAUSE: OpenUI Skia font-mgr doesn't resolve user-installed Ahem (parity blocker)	2026-07-08	entries/0018-root-cause-openui-skia-font-mgr-doesn-t-resolve.md
0019	active	sp14 text font parity finding near_miss_aa determination	SP14 smoke at 0.04%: residual is sub-pixel AA/text-gamma, not geometry	2026-07-08	entries/0019-sp14-smoke-at-0-04-residual-is-sub-pixel-aa-text.md
0020	active	testing accountability text guard gotcha	Testing: authoritative set is wpt/ only; legacy .text builders render blank	2026-07-08	entries/0020-testing-authoritative-set-is-wpt-only-legacy-tex.md
0021	active	sp14 text milestone state	SP14 milestone: Ahem text pixel path proven end-to-end (0.04%)	2026-07-08	entries/0021-sp14-milestone-ahem-text-pixel-path-proven-end-t.md
0022	active	sp14 text pilot port_wpt next-steps plan	SP14 pilot batch: plan + key porter gap (font on Text nodes)	2026-07-08	entries/0022-sp14-pilot-batch-plan-key-porter-gap-font-on-tex.md
0023	active	sp14 text pilot port_wpt finding	Porter deep-dive: font-family IGNORED + text stripped from HTML template	2026-07-08	entries/0023-porter-deep-dive-font-family-ignored-text-stripp.md
0024	active	gotcha port_wpt accountability pilot blocker	CRITICAL: committed wpt modules are divergent from port_wpt.py; batch regen is UNSAFE	2026-07-08	entries/0024-critical-committed-wpt-modules-are-divergent-fro.md
0025	active	sp14 text pilot port_wpt progress	DONE: port_wpt.py Rust-side text emission (font on Text nodes) implemented + verified	2026-07-08	entries/0025-done-port-wpt-py-rust-side-text-emission-font-on.md
0026	superseded	sp14 text strategy plan	SP14 100% strategy: 4381 needs_text = 48 sole + 288 co-blocked ported + 4045 unported	2026-08-07	entries/0026-sp14-100-strategy-4381-needs-text-48-sole-288-co.md
0027	active	sp14 text font finding fontconfig	BREAKTHROUGH: fontconfig kills Chrome text AA -> exact 0-mismatch text passes	2026-07-14	entries/0027-breakthrough-fontconfig-kills-chrome-text-aa-exa.md
0028	superseded	sp14 text accountability milestone handoff	SP14 W0/W1 closes 48 sole-needs_text tests with 26 exact and 22 named residuals	2026-08-07	entries/0028-sp14-w0-w1-48-sole-needs-text-closure.md
0029	superseded	sp14 text accountability milestone handoff	SP14 W2 closes all runnable needs_text ownership	2026-08-07	entries/0029-sp14-w2-runnable-needs-text-closure.md
0030	active	sp14 text accountability milestone handoff	SP14 W3/W4 closes the global needs_text backlog	2026-08-08	entries/0030-sp14-w3-w4-global-needs-text-closure.md
0031	active	state accountability sp13r handoff	Authoritative post-SP13-R WPT state: 3267 pass / 299 fail / 0 errors	2026-08-19	entries/0031-authoritative-post-sp13-r-wpt-state-3267-pass-29.md
0032	active	ci sp17 handoff next-steps	CI landing gate and SP17 from-main handoff	2026-08-19	entries/0032-ci-landing-gate-and-sp17-from-main-handoff.md
0033	active	sp17 accountability writing-mode handoff	SP17 W0A kickoff evidence is frozen before porter or layout changes	2026-08-19	entries/0033-sp17-w0a-kickoff-evidence-frozen.md
0034	active	sp17 writing-mode porter cascade accountability	SP17 W0B transactional porter probe is frozen at 311 actionable rows	2026-08-19	entries/0034-sp17-w0b-transactional-porter-probe-frozen.md
0035	active	sp17 writing-mode constraint-space geometry baseline	SP17 W1A logical geometry preserves the full exact baseline	2026-08-19	entries/0035-sp17-w1a-logical-geometry-preserves-the-full-exact-baseline.md
0036	active	sp17 writing-mode flex rtl geometry accountability handoff	SP17 W1B shared child geometry admits the first exact actionable target	2026-08-19	entries/0036-sp17-w1b-shared-child-geometry-and-first-exact-promotion.md
0037	active	sp17 writing-mode flex rtl geometry accountability handoff	SP17 W1C closes horizontal RTL flex flow with shared direction propagation	2026-08-19	entries/0037-sp17-w1c-horizontal-rtl-flex-flow-closure.md
0038	active	sp17 writing-mode flex vertical geometry accountability handoff	SP17 W1D closes the vertical-container flex-flow matrix	2026-08-20	entries/0038-sp17-w1d-vertical-container-flex-flow-matrix-closure.md
0039	active	sp17 writing-mode flex orthogonal intrinsic-sizing geometry accountability handoff	SP17 W1E closes orthogonal flex-item sizing	2026-08-20	entries/0039-sp17-w1e-orthogonal-flex-item-sizing-closure.md
0040	active	sp17 writing-mode flex gap atomic-inline vertical-text intrinsic-sizing accountability handoff	SP17 W1F closes vertical flex, logical gaps, and atomic inline layout	2026-08-22	entries/0040-sp17-w1f-vertical-flex-gap-atomic-inline-closure.md
0041	active	sp17 writing-mode out-of-flow abspos flex intrinsic-sizing aspect-ratio accountability handoff	SP17 W1G closes the logical out-of-flow core	2026-08-22	entries/0041-sp17-w1g-logical-out-of-flow-core-closure.md
0042	active	sp17 writing-mode multicol fragmentation flex overflow paint accountability handoff	SP17 W1H closes logical multicol and vertical fragmentation	2026-08-22	entries/0042-sp17-w1h-logical-multicol-fragmentation-closure.md
0043	active	sp17 writing-mode positioned-inline static-position multicol out-of-flow accountability handoff	SP17 W1I closes positioned-inline static geometry	2026-08-23	entries/0043-sp17-w1i-positioned-inline-static-geometry-closure.md
0044	active	sp17 writing-mode multicol out-of-flow fragmentation positioned accountability handoff	SP17 W1J closes vertical multicol out-of-flow fragmentation	2026-08-23	entries/0044-sp17-w1j-vertical-multicol-oof-fragmentation-closure.md
0045	active	sp17 writing-mode flex abspos alignment overflow accountability handoff	SP17 W1K closes safe flex overflow alignment	2026-08-23	entries/0045-sp17-w1k-safe-flex-overflow-alignment-closure.md
0046	active	sp17 writing-mode flex abspos static-position centering fragmentation accountability handoff	SP17 W1L closes absolute flex static-position centering	2026-08-24	entries/0046-sp17-w1l-absolute-flex-static-centering-closure.md
0047	active	sp17 writing-mode flex abspos alignment float clearance porter accountability handoff	SP17 W1M closes the flex abspos alignment matrix	2026-08-24	entries/0047-sp17-w1m-flex-abspos-alignment-matrix-closure.md
0048	active	sp17 writing-mode flex wrap intrinsic-sizing fit-content accountability handoff	SP17 W1N closes column-wrap fit-content cross sizing	2026-08-26	entries/0048-sp17-w1n-column-wrap-fit-content-cross-sizing-closure.md
0049	active	sp17 writing-mode flex flex-basis semantic-break porter accountability handoff	SP17 W1O closes auto-height flex basis and semantic breaks	2026-08-26	entries/0049-sp17-w1o-auto-height-flex-basis-semantic-break-closure.md
0050	active	sp17 writing-mode vertical-text sideways orientation paint flex accountability handoff	SP17 W2A closes rotated vertical and sideways text	2026-08-27	entries/0050-sp17-w2a-rotated-vertical-sideways-text-closure.md
0051	active	sp17 writing-mode bidi vertical-text fallback flex fragmentation overflow sizing accountability handoff	SP17 W2B–W4 closes the remaining actionable writing-mode cohort	2026-08-27	entries/0051-sp17-w2b-w4-remaining-writing-mode-mega-closure.md
0052	active	sp19 accountability layout table grid containment handoff	SP19 W0 freezes the 904-ID layout-systems closure	2026-08-30	entries/0052-sp19-w0-freezes-the-904-id-layout-systems-closur.md
