filename,status,fn_name,reason
float-in-inline-anonymous-block-with-overflow-hidden,ported,css2_floats_float_in_inline_anonymous_block_with_overflow_hidden,
float-in-nested-multicol-001,ported,css2_floats_float_in_nested_multicol_001,
float-no-content-beside-001-ref,ported,css2_floats_float_no_content_beside_001_ref,
float-no-content-beside-001,ported,css2_floats_float_no_content_beside_001,
float-nowrap-5-ref,ported,css2_floats_float_nowrap_5_ref,
float-root-ref,ported,css2_floats_float_root_ref,
float-under-flatten-under-preserve-3d,ported,css2_floats_float_under_flatten_under_preserve_3d,
float-with-absolutely-positioned-child-with-static-inset-ref,ported,css2_floats_float_with_absolutely_positioned_child_with_static_inset_ref,
float-with-absolutely-positioned-child-with-static-inset,ported,css2_floats_float_with_absolutely_positioned_child_with_static_inset,
floats-in-table-caption-001-ref,ported,css2_floats_floats_in_table_caption_001_ref,
floats-line-wrap-shifted-001-ref,ported,css2_floats_floats_line_wrap_shifted_001_ref,
floats-line-wrap-shifted-001,ported,css2_floats_floats_line_wrap_shifted_001,
floats-placement-001,ported,css2_floats_floats_placement_001,
floats-placement-002,ported,css2_floats_floats_placement_002,
floats-placement-003,ported,css2_floats_floats_placement_003,
floats-placement-004,ported,css2_floats_floats_placement_004,
floats-placement-005-ref,ported,css2_floats_floats_placement_005_ref,
floats-placement-005,ported,css2_floats_floats_placement_005,
floats-placement-006,ported,css2_floats_floats_placement_006,
floats-placement-008,ported,css2_floats_floats_placement_008,
floats-placement-vertical-001-ref,ported,css2_floats_floats_placement_vertical_001_ref,
floats-placement-vertical-001a,ported,css2_floats_floats_placement_vertical_001a,
floats-placement-vertical-001b,ported,css2_floats_floats_placement_vertical_001b,
floats-placement-vertical-001c,ported,css2_floats_floats_placement_vertical_001c,
floats-placement-vertical-003-ref,ported,css2_floats_floats_placement_vertical_003_ref,
floats-placement-vertical-003,ported,css2_floats_floats_placement_vertical_003,
floats-placement-vertical-004-ref,ported,css2_floats_floats_placement_vertical_004_ref,
floats-placement-vertical-004-ref2,ported,css2_floats_floats_placement_vertical_004_ref2,
floats-placement-vertical-004,ported,css2_floats_floats_placement_vertical_004,
floats-rule3-outside-left-001-ref,ported,css2_floats_floats_rule3_outside_left_001_ref,
floats-rule3-outside-left-001,ported,css2_floats_floats_rule3_outside_left_001,
floats-rule3-outside-left-002-ref,ported,css2_floats_floats_rule3_outside_left_002_ref,
floats-rule3-outside-left-002,ported,css2_floats_floats_rule3_outside_left_002,
floats-rule3-outside-right-001-ref,ported,css2_floats_floats_rule3_outside_right_001_ref,
floats-rule3-outside-right-001,ported,css2_floats_floats_rule3_outside_right_001,
floats-rule3-outside-right-002-ref,ported,css2_floats_floats_rule3_outside_right_002_ref,
floats-rule3-outside-right-002,ported,css2_floats_floats_rule3_outside_right_002,
floats-rule7-outside-left-001-ref,ported,css2_floats_floats_rule7_outside_left_001_ref,
floats-rule7-outside-left-001,ported,css2_floats_floats_rule7_outside_left_001,
floats-rule7-outside-right-001-ref,ported,css2_floats_floats_rule7_outside_right_001_ref,
floats-rule7-outside-right-001,ported,css2_floats_floats_rule7_outside_right_001,
floats-wrap-bfc-001-left-overflow-ref,ported,css2_floats_floats_wrap_bfc_001_left_overflow_ref,
floats-wrap-bfc-001-left-table-ref,ported,css2_floats_floats_wrap_bfc_001_left_table_ref,
floats-wrap-bfc-001-right-overflow-ref,ported,css2_floats_floats_wrap_bfc_001_right_overflow_ref,
floats-wrap-bfc-001-right-table-ref,ported,css2_floats_floats_wrap_bfc_001_right_table_ref,
floats-wrap-bfc-002-left-ref,ported,css2_floats_floats_wrap_bfc_002_left_ref,
floats-wrap-bfc-002-right-ref,ported,css2_floats_floats_wrap_bfc_002_right_ref,
floats-wrap-bfc-003-left-overflow-ref,ported,css2_floats_floats_wrap_bfc_003_left_overflow_ref,
floats-wrap-bfc-003-left-table-ref,ported,css2_floats_floats_wrap_bfc_003_left_table_ref,
floats-wrap-bfc-003-right-overflow-ref,ported,css2_floats_floats_wrap_bfc_003_right_overflow_ref,
floats-wrap-bfc-003-right-table-ref,ported,css2_floats_floats_wrap_bfc_003_right_table_ref,
floats-wrap-bfc-004-ref,ported,css2_floats_floats_wrap_bfc_004_ref,
floats-wrap-bfc-005-ref,ported,css2_floats_floats_wrap_bfc_005_ref,
floats-wrap-bfc-008,ported,css2_floats_floats_wrap_bfc_008,
floats-wrap-bfc-with-margin-004,ported,css2_floats_floats_wrap_bfc_with_margin_004,
floats-wrap-bfc-with-margin-006.tentative,ported,css2_floats_floats_wrap_bfc_with_margin_006_tentative,
floats-wrap-bfc-with-margin-007.tentative,ported,css2_floats_floats_wrap_bfc_with_margin_007_tentative,
floats-wrap-bfc-with-margin-008.tentative,ported,css2_floats_floats_wrap_bfc_with_margin_008_tentative,
floats-wrap-bfc-with-margin-009.tentative,ported,css2_floats_floats_wrap_bfc_with_margin_009_tentative,
floats-wrap-bfc-with-margin-010-ref,ported,css2_floats_floats_wrap_bfc_with_margin_010_ref,
floats-wrap-bfc-with-margin-010,ported,css2_floats_floats_wrap_bfc_with_margin_010,
floats-wrap-top-below-001l-notref,ported,css2_floats_floats_wrap_top_below_001l_notref,
floats-wrap-top-below-001l-ref,ported,css2_floats_floats_wrap_top_below_001l_ref,
floats-wrap-top-below-001r-notref,ported,css2_floats_floats_wrap_top_below_001r_notref,
floats-wrap-top-below-001r-ref,ported,css2_floats_floats_wrap_top_below_001r_ref,
floats-wrap-top-below-002l-ref,ported,css2_floats_floats_wrap_top_below_002l_ref,
floats-wrap-top-below-002r-ref,ported,css2_floats_floats_wrap_top_below_002r_ref,
floats-wrap-top-below-003l-ref,ported,css2_floats_floats_wrap_top_below_003l_ref,
floats-wrap-top-below-003r-ref,ported,css2_floats_floats_wrap_top_below_003r_ref,
floats-wrap-top-below-bfc-001l,ported,css2_floats_floats_wrap_top_below_bfc_001l,
floats-wrap-top-below-bfc-001r,ported,css2_floats_floats_wrap_top_below_bfc_001r,
floats-wrap-top-below-bfc-002l,ported,css2_floats_floats_wrap_top_below_bfc_002l,
floats-wrap-top-below-bfc-002r,ported,css2_floats_floats_wrap_top_below_bfc_002r,
floats-wrap-top-below-bfc-003l,ported,css2_floats_floats_wrap_top_below_bfc_003l,
floats-wrap-top-below-bfc-003r,ported,css2_floats_floats_wrap_top_below_bfc_003r,
floats-wrap-top-below-inline-001l,ported,css2_floats_floats_wrap_top_below_inline_001l,
floats-wrap-top-below-inline-001r,ported,css2_floats_floats_wrap_top_below_inline_001r,
floats-wrap-top-below-inline-002l,ported,css2_floats_floats_wrap_top_below_inline_002l,
floats-wrap-top-below-inline-002r,ported,css2_floats_floats_wrap_top_below_inline_002r,
floats-wrap-top-below-inline-003l,ported,css2_floats_floats_wrap_top_below_inline_003l,
floats-wrap-top-below-inline-003r,ported,css2_floats_floats_wrap_top_below_inline_003r,
floats-zero-height-wrap-001-ref,ported,css2_floats_floats_zero_height_wrap_001_ref,
floats-zero-height-wrap-001,ported,css2_floats_floats_zero_height_wrap_001,
floats-zero-height-wrap-002,ported,css2_floats_floats_zero_height_wrap_002,
intrinsic-size-float-and-line,ported,css2_floats_intrinsic_size_float_and_line,
line-pushed-by-floats-crash,ported,css2_floats_line_pushed_by_floats_crash,
negative-block-margin-pushing-float-out-of-block-formatting-context-ref,ported,css2_floats_negative_block_margin_pushing_float_out_of_block_formatting_context_ref,
negative-block-margin-pushing-float-out-of-block-formatting-context,ported,css2_floats_negative_block_margin_pushing_float_out_of_block_formatting_context,
negative-margin-float-positioning,ported,css2_floats_negative_margin_float_positioning,
new-fc-beside-adjoining-float-2,ported,css2_floats_new_fc_beside_adjoining_float_2,
new-fc-beside-adjoining-float,ported,css2_floats_new_fc_beside_adjoining_float,
new-fc-beside-float-with-margin,ported,css2_floats_new_fc_beside_float_with_margin,
new-fc-beside-float-with-min-width,ported,css2_floats_new_fc_beside_float_with_min_width,
new-fc-relayout,ported,css2_floats_new_fc_relayout,
new-fc-separates-from-float-2,ported,css2_floats_new_fc_separates_from_float_2,
new-fc-separates-from-float-3,ported,css2_floats_new_fc_separates_from_float_3,
new-fc-separates-from-float-4,ported,css2_floats_new_fc_separates_from_float_4,
new-fc-separates-from-float,ported,css2_floats_new_fc_separates_from_float,
overflow-scroll-float-paint-order-ref,ported,css2_floats_overflow_scroll_float_paint_order_ref,
overflow-scroll-float-paint-order,ported,css2_floats_overflow_scroll_float_paint_order,
overhanging-float-paint-order-ref,ported,css2_floats_overhanging_float_paint_order_ref,
overhanging-float-paint-order,ported,css2_floats_overhanging_float_paint_order,
zero-available-space-float-positioning,ported,css2_floats_zero_available_space_float_positioning,
zero-width-floats-positioning.tentative,ported,css2_floats_zero_width_floats_positioning_tentative,
zero-width-floats,ported,css2_floats_zero_width_floats,
adjoining-floats-dynamic,not_portable,,uses_javascript
block-in-inline-become-float,not_portable,,uses_javascript
computed-float-position-absolute,not_portable,,uses_javascript
float-after-block-with-collapsed-margin-inside-inline,not_portable,,complex_css_selector: span > div
float-in-self-painting-inline,not_portable,,uses_javascript
float-no-interpolation,not_portable,,uses_javascript
float-nowrap-1-notref,not_portable,,style_block_unsupported property: white-space
float-nowrap-1,not_portable,,style_block_unsupported property: white-space
float-nowrap-2,not_portable,,style_block_unsupported property: white-space
float-nowrap-3-ref,not_portable,,style_block_unsupported property: font-family
float-nowrap-3,not_portable,,style_block_unsupported property: font-family
float-nowrap-4-ref,not_portable,,style_block_unsupported property: font-family
float-nowrap-4-ref2,not_portable,,style_block_unsupported property: font-family
float-nowrap-4,not_portable,,style_block_unsupported property: font-family
float-nowrap-5,not_portable,,style_block_unsupported property: white-space
float-nowrap-6,not_portable,,style_block_unsupported property: white-space
float-nowrap-7,not_portable,,style_block_unsupported property: white-space
float-nowrap-8,not_portable,,style_block_unsupported property: white-space
float-nowrap-9,not_portable,,style_block_unsupported property: font-family
float-nowrap-hyphen-rewind-1-ref,not_portable,,style_block_unsupported property: font-family
float-nowrap-hyphen-rewind-1-ref2,not_portable,,style_block_unsupported property: font-family
float-nowrap-hyphen-rewind-1,not_portable,,style_block_unsupported property: font-family
float-paint-relayout,not_portable,,uses_javascript
float-root,not_portable,,complex_css_selector: :root
float-table-align-left-quirk-ref,not_portable,,unsupported element: <table>
float-table-align-left-quirk,not_portable,,unsupported element: <table>
floated-table-wider-than-specified,not_portable,,unsupported display: table
floats-in-table-caption-001,not_portable,,unsupported element: <table>
floats-placement-007,not_portable,,style_block_unsupported property: direction
floats-saturated-position-crash,not_portable,,uses_javascript
floats-wrap-bfc-001-left-overflow,not_portable,,style_block_unsupported property: border-spacing
floats-wrap-bfc-001-left-table,not_portable,,style_block_unsupported property: border-spacing
floats-wrap-bfc-001-right-overflow,not_portable,,style_block_unsupported property: border-spacing
floats-wrap-bfc-001-right-table,not_portable,,style_block_unsupported property: border-spacing
floats-wrap-bfc-002-left-overflow,not_portable,,style_block_unsupported property: border-spacing
floats-wrap-bfc-002-left-table,not_portable,,style_block_unsupported property: border-spacing
floats-wrap-bfc-002-right-overflow,not_portable,,style_block_unsupported property: border-spacing
floats-wrap-bfc-002-right-table,not_portable,,style_block_unsupported property: border-spacing
floats-wrap-bfc-003-left-overflow,not_portable,,style_block_unsupported property: border-spacing
floats-wrap-bfc-003-left-table,not_portable,,style_block_unsupported property: border-spacing
floats-wrap-bfc-003-right-overflow,not_portable,,style_block_unsupported property: border-spacing
floats-wrap-bfc-003-right-table,not_portable,,style_block_unsupported property: border-spacing
floats-wrap-bfc-004,not_portable,,style_block_unsupported property: border-spacing
floats-wrap-bfc-005,not_portable,,style_block_unsupported property: border-spacing
floats-wrap-bfc-006-ref,not_portable,,style_block_unsupported property: border-spacing
floats-wrap-bfc-006,not_portable,,style_block_unsupported property: border-spacing
floats-wrap-bfc-007-ref,not_portable,,style_block_unsupported property: border-spacing
floats-wrap-bfc-007,not_portable,,style_block_unsupported property: border-spacing
floats-wrap-bfc-outside-001-ref,not_portable,,unsupported element: <textarea>
floats-wrap-bfc-outside-001,not_portable,,unsupported element: <textarea>
floats-wrap-bfc-with-margin-001-ref,not_portable,,uses_javascript
floats-wrap-bfc-with-margin-001,not_portable,,uses_javascript
floats-wrap-bfc-with-margin-001a.tentative,not_portable,,uses_javascript
floats-wrap-bfc-with-margin-002-ref,not_portable,,uses_javascript
floats-wrap-bfc-with-margin-002.tentative,not_portable,,uses_javascript
floats-wrap-bfc-with-margin-003-ref,not_portable,,uses_javascript
floats-wrap-bfc-with-margin-003.tentative,not_portable,,uses_javascript
floats-wrap-bfc-with-margin-005,not_portable,,unsupported property: direction
hit-test-floats-001,not_portable,,uses_javascript
hit-test-floats-002,not_portable,,uses_javascript
hit-test-floats-003,not_portable,,uses_javascript
hit-test-floats-004,not_portable,,uses_javascript
hit-test-floats-005,not_portable,,uses_javascript
inheritance,not_portable,,uses_javascript
list-item-taller-than-opportunity-001,not_portable,,uses_javascript
new-fc-beside-float-with-margin-rtl,not_portable,,unsupported property: direction
remove-block-between-inline-and-float,not_portable,,uses_javascript
remove-float-in-first-line,not_portable,,uses_javascript
remove-float-then-abspos-in-inline,not_portable,,uses_javascript
zero-space-between-floats-001,not_portable,,uses_javascript
zero-space-between-floats-002,not_portable,,uses_javascript
zero-space-between-floats-003,not_portable,,uses_javascript
zero-space-between-floats-004,not_portable,,uses_javascript
