id,c_name,rust_name
1,OUI_EVENT_POINTER_DOWN,pointerdown
2,OUI_EVENT_POINTER_UP,pointerup
3,OUI_EVENT_POINTER_MOVE,pointermove
4,OUI_EVENT_CLICK,click
5,OUI_EVENT_WHEEL,wheel
6,OUI_EVENT_KEY_DOWN,keydown
7,OUI_EVENT_KEY_UP,keyup
8,OUI_EVENT_TEXT_INPUT,textinput
9,OUI_EVENT_COMPOSITION_START,compositionstart
10,OUI_EVENT_COMPOSITION_UPDATE,compositionupdate
11,OUI_EVENT_COMPOSITION_END,compositionend
12,OUI_EVENT_FOCUS,focus
13,OUI_EVENT_BLUR,blur
14,OUI_EVENT_POINTER_ENTER,pointerenter
15,OUI_EVENT_POINTER_LEAVE,pointerleave
16,OUI_EVENT_INPUT,input
17,OUI_EVENT_CHANGE,change
18,OUI_EVENT_BEFORE_INPUT,beforeinput
19,OUI_EVENT_SCROLL,scroll
20,OUI_EVENT_ANIMATION_START,animationstart
21,OUI_EVENT_ANIMATION_ITERATION,animationiteration
22,OUI_EVENT_ANIMATION_END,animationend
23,OUI_EVENT_ANIMATION_CANCEL,animationcancel
24,OUI_EVENT_POINTER_CANCEL,pointercancel
25,OUI_EVENT_FOCUS_IN,focusin
26,OUI_EVENT_FOCUS_OUT,focusout
27,OUI_EVENT_SELECT,select
28,OUI_EVENT_SELECTION_CHANGE,selectionchange
